# D1 measurement a, Unity HISTORICAL round trips, derived from landed evidence.
# source commit -> the CI commit that published its verdict.
# A LOWER BOUND on a felt cycle: authoring time before the commit is
# not in it. It DOES include runner queue wait, deliberately, because
# waiting behind a queue is time the edit costs.
# answered=no means the round trip was spent and returned nothing
# (NO PLAYER LOG). Those rows stay in the elapsed series; they are
# reported separately as a rate, never quietly dropped.
# rows=369 skippedCiPublishes=0 nonCiCommitsSeen=0
# srcSha	srcIso	ciSha	ciIso	minutes	answered
e57ee19	2026-08-01T01:11:57Z	f6e3e28	2026-08-01T01:35:49Z	23.87	unknown
f9b4242	2026-08-01T01:48:25Z	b349c06	2026-08-01T02:12:45Z	24.33	unknown
8fb815a	2026-08-01T02:26:50Z	60661a7	2026-08-01T02:59:51Z	33.02	unknown
b92e74d	2026-08-01T03:07:31Z	d4213ef	2026-08-01T03:30:09Z	22.63	unknown
030d27a	2026-08-01T03:44:25Z	4616f8a	2026-08-01T04:08:30Z	24.08	unknown
60c4b6a	2026-08-01T04:23:12Z	001822b	2026-08-01T04:46:16Z	23.07	unknown
df08846	2026-08-01T05:53:36Z	91e1b29	2026-08-01T06:20:42Z	27.10	unknown
9708a8d	2026-08-01T06:26:24Z	68b8ce0	2026-08-01T06:51:33Z	25.15	unknown
2cd11c2	2026-08-01T07:03:37Z	ab37387	2026-08-01T07:26:51Z	23.23	unknown
b32b0fe	2026-08-01T07:27:50Z	bbdc163	2026-08-01T07:51:23Z	23.55	unknown
05b6997	2026-08-01T07:55:58Z	7fea043	2026-08-01T08:19:43Z	23.75	unknown
1de5665	2026-08-01T08:36:40Z	7ab156e	2026-08-01T08:57:56Z	21.27	unknown
ce6b1bc	2026-08-01T09:14:11Z	4f56aee	2026-08-01T09:38:03Z	23.87	unknown
b304dbd	2026-08-01T10:45:20Z	5b0b22f	2026-08-01T11:08:55Z	23.58	unknown
140f7a2	2026-08-01T11:10:37Z	7edfdd3	2026-08-01T11:32:32Z	21.92	unknown
fbb1865	2026-08-01T11:40:49Z	19a1f1a	2026-08-01T12:05:30Z	24.68	unknown
0a79489	2026-08-01T12:39:24Z	8dac2e4	2026-08-01T13:03:14Z	23.83	unknown
45c96bc	2026-08-01T13:13:18Z	deb4998	2026-08-01T14:22:33Z	69.25	unknown
4eb4104	2026-08-03T12:07:11Z	e1e2ea2	2026-08-03T12:41:25Z	34.23	unknown
9515eff	2026-08-03T12:44:00Z	fdaf4ae	2026-08-03T13:12:12Z	28.20	unknown
20db823	2026-08-03T13:16:14Z	a8adeea	2026-08-03T13:41:44Z	25.50	unknown
c01179c	2026-08-03T13:43:53Z	94c8b78	2026-08-03T14:07:59Z	24.10	unknown
4f3a42c	2026-08-03T14:11:20Z	c62a2b4	2026-08-03T14:40:14Z	28.90	unknown
902405f	2026-08-03T14:48:33Z	21a5706	2026-08-03T15:13:22Z	24.82	yes
c62a2b4	2026-08-03T14:40:14Z	2244376	2026-08-03T15:30:30Z	50.27	yes
6157198	2026-08-03T15:19:21Z	8e3db48	2026-08-03T15:50:46Z	31.42	yes
4ca31e7	2026-08-03T16:23:25Z	9ef5187	2026-08-03T16:54:06Z	30.68	yes
3ba5a45	2026-08-03T16:24:53Z	5524d36	2026-08-03T16:56:47Z	31.90	yes
dce8fc3	2026-08-03T16:59:30Z	656d4c8	2026-08-03T17:23:11Z	23.68	yes
6361b67	2026-08-03T18:23:38Z	cd89abc	2026-08-03T18:47:37Z	23.98	yes
9d68ee5	2026-08-03T18:44:49Z	3999213	2026-08-03T19:08:47Z	23.97	yes
d8a827e	2026-08-03T19:11:43Z	7384c56	2026-08-03T19:43:31Z	31.80	yes
9ae6ff6	2026-08-03T19:49:10Z	5fb5057	2026-08-03T20:17:45Z	28.58	yes
ceb8411	2026-08-03T20:08:10Z	22cbfbb	2026-08-03T20:31:51Z	23.68	yes
9a12456	2026-08-03T20:26:28Z	e0904e5	2026-08-03T20:51:52Z	25.40	yes
7f71fea	2026-08-03T20:29:57Z	6844b2e	2026-08-03T20:53:55Z	23.97	yes
7a452ba	2026-08-03T20:39:25Z	1aade6a	2026-08-03T21:04:04Z	24.65	yes
0223772	2026-08-03T20:55:43Z	51cef6c	2026-08-03T21:21:18Z	25.58	yes
b26f535	2026-08-03T20:58:16Z	461c524	2026-08-03T21:23:25Z	25.15	yes
eea92fd	2026-08-03T21:02:55Z	8e914b2	2026-08-03T21:31:01Z	28.10	yes
95a84ff	2026-08-03T21:08:54Z	c4f4d14	2026-08-03T21:35:32Z	26.63	yes
3de2e00	2026-08-03T21:16:27Z	a03697f	2026-08-03T21:40:30Z	24.05	yes
ec5056f	2026-08-03T21:19:10Z	eafe8cc	2026-08-03T21:44:06Z	24.93	yes
32c38ab	2026-08-03T21:24:05Z	7719d92	2026-08-03T21:47:39Z	23.57	yes
0215199	2026-08-03T21:30:15Z	a2aad8a	2026-08-03T21:54:39Z	24.40	yes
6b64b40	2026-08-03T21:34:35Z	2e4a5bd	2026-08-03T21:58:21Z	23.77	yes
be1c036	2026-08-03T21:38:06Z	b54e5c4	2026-08-03T22:04:06Z	26.00	yes
5325f1a	2026-08-03T21:42:07Z	d3f59f4	2026-08-03T22:07:14Z	25.12	yes
bb1b2b7	2026-08-03T21:46:14Z	b919b70	2026-08-03T22:10:22Z	24.13	yes
cfda380	2026-08-03T21:48:05Z	a15043f	2026-08-03T22:14:48Z	26.72	yes
78aa352	2026-08-03T21:59:08Z	26b8b81	2026-08-03T22:23:28Z	24.33	yes
80f1767	2026-08-03T22:01:43Z	d5c5dab	2026-08-03T22:26:57Z	25.23	yes
8125d16	2026-08-03T22:13:25Z	5e49fe5	2026-08-03T22:37:22Z	23.95	yes
654c9ae	2026-08-03T22:21:09Z	abebd34	2026-08-03T22:44:44Z	23.58	yes
951163a	2026-08-03T22:23:41Z	803b8ef	2026-08-03T22:50:33Z	26.87	yes
eb00eb0	2026-08-03T22:26:34Z	6d42641	2026-08-03T22:51:16Z	24.70	yes
5e0e5b5	2026-08-03T22:29:52Z	04b20ef	2026-08-03T22:54:06Z	24.23	yes
f8ef52b	2026-08-03T22:49:46Z	9d1c7dc	2026-08-03T23:20:40Z	30.90	yes
fd4cc38	2026-08-03T22:57:56Z	b4bc0d7	2026-08-03T23:26:39Z	28.72	yes
5f9da88	2026-08-03T23:11:37Z	9ed121a	2026-08-03T23:36:42Z	25.08	yes
15e5845	2026-08-03T23:17:33Z	28c3b58	2026-08-03T23:41:34Z	24.02	yes
3992376	2026-08-03T23:30:13Z	d3e6529	2026-08-03T23:56:08Z	25.92	yes
0aa3fc6	2026-08-03T23:31:59Z	c60698f	2026-08-03T23:58:08Z	26.15	yes
75af68d	2026-08-03T23:35:28Z	29db0e4	2026-08-04T00:00:12Z	24.73	yes
37aacc3	2026-08-03T23:39:16Z	37cea5d	2026-08-04T00:04:35Z	25.32	yes
b453ebd	2026-08-03T23:44:06Z	73da127	2026-08-04T00:09:00Z	24.90	yes
f5075ac	2026-08-03T23:49:57Z	2e6e001	2026-08-04T00:14:49Z	24.87	yes
1214f3b	2026-08-03T23:54:52Z	6cf564a	2026-08-04T00:23:26Z	28.57	yes
79f53c0	2026-08-03T23:58:40Z	0b313ae	2026-08-04T00:23:32Z	24.87	yes
0c84f79	2026-08-04T00:01:21Z	d8ae879	2026-08-04T00:26:48Z	25.45	yes
e93a9ce	2026-08-04T00:05:03Z	a4e6280	2026-08-04T00:31:20Z	26.28	yes
31332c2	2026-08-04T00:10:55Z	feefd03	2026-08-04T00:35:22Z	24.45	yes
0e4cdf8	2026-08-04T00:12:54Z	4aa00ed	2026-08-04T00:38:54Z	26.00	yes
a59305b	2026-08-04T00:18:27Z	610a599	2026-08-04T00:46:01Z	27.57	yes
872b914	2026-08-04T00:22:57Z	e52e8a1	2026-08-04T00:47:29Z	24.53	yes
00f34b7	2026-08-04T00:25:25Z	0c3694c	2026-08-04T00:49:56Z	24.52	yes
46728d5	2026-08-04T00:27:16Z	c965487	2026-08-04T00:53:07Z	25.85	yes
461f8c3	2026-08-04T00:32:44Z	d425907	2026-08-04T00:55:36Z	22.87	yes
f0ab533	2026-08-04T00:35:33Z	0bbadf8	2026-08-04T01:00:54Z	25.35	yes
c499e2b	2026-08-04T00:37:23Z	f65aa85	2026-08-04T01:01:25Z	24.03	yes
90aef95	2026-08-04T00:41:45Z	22df732	2026-08-04T01:05:58Z	24.22	yes
562851d	2026-08-04T00:45:47Z	c029c71	2026-08-04T01:12:04Z	26.28	yes
264d29f	2026-08-04T00:50:33Z	4d6c5b2	2026-08-04T01:14:39Z	24.10	yes
dc42046	2026-08-04T00:58:56Z	317b12e	2026-08-04T01:23:57Z	25.02	yes
4dd1a2d	2026-08-04T01:03:52Z	690a7b6	2026-08-04T01:30:55Z	27.05	yes
50a1d34	2026-08-04T01:05:48Z	9ab0f1f	2026-08-04T01:31:23Z	25.58	yes
4ac2f0f	2026-08-04T01:19:54Z	216976b	2026-08-04T01:45:20Z	25.43	yes
85bc521	2026-08-04T01:27:55Z	acff363	2026-08-04T01:53:35Z	25.67	yes
dc049a8	2026-08-04T01:45:24Z	fe1e809	2026-08-04T01:55:34Z	10.17	no
5e5a6ea	2026-08-04T01:49:09Z	2de029c	2026-08-04T02:04:53Z	15.73	no
d658585	2026-08-04T02:02:03Z	17f6e99	2026-08-04T02:13:04Z	11.02	no
0cb2ddd	2026-08-04T02:13:43Z	77d73b4	2026-08-04T02:24:58Z	11.25	no
530f2ba	2026-08-04T02:18:30Z	6d1af95	2026-08-04T02:28:22Z	9.87	no
7dc6334	2026-08-04T02:30:46Z	974782a	2026-08-04T02:55:08Z	24.37	yes
3844520	2026-08-04T02:48:29Z	3c5aa7b	2026-08-04T03:13:22Z	24.88	yes
443a2c5	2026-08-04T02:58:37Z	16056a9	2026-08-04T03:24:04Z	25.45	yes
e19b7ad	2026-08-04T03:06:18Z	3ae5888	2026-08-04T03:32:05Z	25.78	yes
0eeee6d	2026-08-04T03:20:09Z	69aa2f0	2026-08-04T03:45:09Z	25.00	yes
efff6fc	2026-08-04T03:27:17Z	2cf5ad0	2026-08-04T03:55:21Z	28.07	yes
6ca5db4	2026-08-04T03:36:34Z	5b592ef	2026-08-04T04:02:52Z	26.30	yes
180f626	2026-08-04T04:06:21Z	2b8e895	2026-08-04T04:32:04Z	25.72	yes
f06075e	2026-08-04T04:14:12Z	c6d247d	2026-08-04T04:38:32Z	24.33	yes
e51c681	2026-08-04T04:19:57Z	4044523	2026-08-04T04:48:13Z	28.27	yes
bc4c689	2026-08-04T04:45:21Z	e4ad3c2	2026-08-04T05:09:46Z	24.42	yes
88e09a4	2026-08-04T04:49:40Z	d2bfb35	2026-08-04T05:16:57Z	27.28	yes
d2bfb35	2026-08-04T05:16:57Z	ea1100b	2026-08-04T05:42:15Z	25.30	yes
d5b3741	2026-08-04T05:28:30Z	5f905ad	2026-08-04T05:53:20Z	24.83	yes
e09e9d5	2026-08-04T05:42:49Z	785e523	2026-08-04T06:11:22Z	28.55	yes
1b417d2	2026-08-04T05:56:36Z	748f31a	2026-08-04T06:21:55Z	25.32	yes
776d0fa	2026-08-04T06:15:04Z	3f4d9ba	2026-08-04T06:25:22Z	10.30	no
e8986e2	2026-08-04T06:28:59Z	dd9a6a5	2026-08-04T06:39:26Z	10.45	no
af662a0	2026-08-04T06:38:46Z	51ae697	2026-08-04T06:48:30Z	9.73	no
daf91d5	2026-08-04T06:57:51Z	fd3f9a6	2026-08-04T07:22:34Z	24.72	yes
4e1d03f	2026-08-04T07:31:15Z	98db47e	2026-08-04T07:55:48Z	24.55	yes
e0cc811	2026-08-04T07:36:37Z	3863d8a	2026-08-04T08:00:40Z	24.05	yes
7f35974	2026-08-04T07:56:44Z	bfb1451	2026-08-04T08:24:52Z	28.13	yes
1167b8f	2026-08-04T08:24:10Z	7c2f7d0	2026-08-04T08:49:43Z	25.55	yes
d133e87	2026-08-04T08:28:50Z	57cc8ae	2026-08-04T08:54:38Z	25.80	yes
f0b5890	2026-08-04T09:00:24Z	78e3934	2026-08-04T09:25:26Z	25.03	yes
976dd4e	2026-08-04T09:31:02Z	7f568c0	2026-08-04T09:55:58Z	24.93	yes
1770bce	2026-08-04T09:35:29Z	0a6841a	2026-08-04T10:01:38Z	26.15	yes
f234cb8	2026-08-04T09:41:17Z	b9dba98	2026-08-04T10:07:10Z	25.88	yes
25194f4	2026-08-04T09:57:55Z	8d015a1	2026-08-04T10:25:48Z	27.88	yes
97de798	2026-08-04T10:21:30Z	ca40e72	2026-08-04T10:47:56Z	26.43	yes
3f817cf	2026-08-04T10:29:08Z	2138ea2	2026-08-04T10:54:07Z	24.98	yes
ebe9b86	2026-08-04T10:34:40Z	fc15b43	2026-08-04T11:00:01Z	25.35	yes
add6442	2026-08-04T10:45:25Z	3e5f75f	2026-08-04T11:11:03Z	25.63	yes
74844a9	2026-08-04T11:02:29Z	21e8f3f	2026-08-04T11:13:32Z	11.05	no
2785c54	2026-08-04T11:08:24Z	916feb0	2026-08-04T11:20:15Z	11.85	no
fe66894	2026-08-04T11:21:58Z	b4350cf	2026-08-04T11:31:12Z	9.23	no
b892e86	2026-08-04T11:25:30Z	0c6560a	2026-08-04T11:36:29Z	10.98	no
8292afe	2026-08-04T11:36:45Z	c505023	2026-08-04T12:03:03Z	26.30	yes
c8c7dad	2026-08-04T11:59:00Z	ad5a62d	2026-08-04T12:25:14Z	26.23	yes
0efeb71	2026-08-04T12:06:45Z	cd3f6e3	2026-08-04T12:32:24Z	25.65	yes
08592cb	2026-08-04T12:11:41Z	fe5b7fc	2026-08-04T12:38:04Z	26.38	yes
af019bb	2026-08-04T12:21:30Z	9d4aaa1	2026-08-04T12:50:03Z	28.55	yes
e857a6e	2026-08-04T12:26:29Z	4dbd5b9	2026-08-04T12:53:01Z	26.53	yes
a1488da	2026-08-04T12:31:00Z	40f1a24	2026-08-04T12:58:22Z	27.37	yes
be8c9ec	2026-08-04T12:36:52Z	6d40785	2026-08-04T13:04:16Z	27.40	yes
5c25839	2026-08-04T12:43:38Z	392b76f	2026-08-04T13:11:21Z	27.72	yes
c61047f	2026-08-04T13:00:46Z	74d8f46	2026-08-04T13:11:51Z	11.08	no
5ec3188	2026-08-04T13:07:00Z	3fd0d54	2026-08-04T13:17:38Z	10.63	no
d5242bd	2026-08-04T13:26:48Z	cee7714	2026-08-04T13:51:36Z	24.80	yes
dea6e39	2026-08-04T13:35:46Z	d1c2684	2026-08-04T14:01:31Z	25.75	yes
f88f793	2026-08-04T13:52:47Z	bc76168	2026-08-04T14:18:55Z	26.13	yes
4c95b01	2026-08-04T14:09:49Z	b7d689e	2026-08-04T14:35:57Z	26.13	yes
1b502b0	2026-08-04T14:26:21Z	82c5a75	2026-08-04T14:39:39Z	13.30	no
14cf18d	2026-08-04T14:40:13Z	d49096f	2026-08-04T15:05:37Z	25.40	yes
2cfe851	2026-08-04T15:13:28Z	d05e8cd	2026-08-04T15:24:55Z	11.45	no
d05e8cd	2026-08-04T15:24:55Z	e217930	2026-08-04T15:53:13Z	28.30	yes
0a32709	2026-08-04T16:01:13Z	a3e0822	2026-08-04T16:11:09Z	9.93	no
c445141	2026-08-04T16:15:54Z	acf86f0	2026-08-04T16:28:54Z	13.00	no
2a55b18	2026-08-04T16:32:15Z	8c94d34	2026-08-04T16:58:54Z	26.65	yes
8c94d34	2026-08-04T16:58:54Z	b227caf	2026-08-04T17:46:49Z	47.92	yes
c101f35	2026-08-04T18:29:45Z	7a33bcd	2026-08-04T18:58:21Z	28.60	yes
032e227	2026-08-04T19:02:07Z	279f4e3	2026-08-04T19:28:41Z	26.57	yes
2ebc7d2	2026-08-04T19:31:29Z	e805faa	2026-08-04T20:02:35Z	31.10	yes
0c6416d	2026-08-04T20:06:10Z	f472f61	2026-08-04T20:31:35Z	25.42	yes
ce96827	2026-08-04T20:35:11Z	b4e8bc9	2026-08-04T21:02:09Z	26.97	yes
7f38a53	2026-08-04T21:06:11Z	1a1a44b	2026-08-04T21:32:06Z	25.92	yes
2b38df1	2026-08-04T21:36:14Z	c8bc56e	2026-08-04T22:02:51Z	26.62	yes
7d075a7	2026-08-04T22:08:31Z	5178e57	2026-08-04T22:34:55Z	26.40	yes
955e531	2026-08-04T22:38:23Z	825965c	2026-08-04T23:05:53Z	27.50	yes
7c87f38	2026-08-04T23:12:53Z	b14bff0	2026-08-04T23:38:44Z	25.85	yes
0720f52	2026-08-04T23:46:14Z	07bc7c7	2026-08-05T00:15:41Z	29.45	yes
8f6243f	2026-08-05T00:17:54Z	4383476	2026-08-05T00:44:14Z	26.33	yes
e7953a7	2026-08-05T00:44:38Z	158f68d	2026-08-05T01:10:24Z	25.77	yes
c7e841b	2026-08-05T01:16:16Z	f854120	2026-08-05T01:40:49Z	24.55	yes
52037ba	2026-08-05T01:48:51Z	0405f05	2026-08-05T02:26:18Z	37.45	yes
a050815	2026-08-05T02:45:00Z	de01730	2026-08-05T03:10:42Z	25.70	yes
2d5840f	2026-08-05T03:15:03Z	2ff1dff	2026-08-05T03:43:20Z	28.28	yes
4e3eef3	2026-08-05T03:51:13Z	84118b8	2026-08-05T04:18:16Z	27.05	yes
f0bc3d5	2026-08-05T04:19:03Z	a3f9fae	2026-08-05T04:48:07Z	29.07	yes
6bc4b49	2026-08-08T08:02:07Z	2d1646e	2026-08-08T11:47:49Z	225.70	no
a7e15d5	2026-08-08T12:00:25Z	4835f36	2026-08-08T12:35:32Z	35.12	yes
a6300fd	2026-08-08T13:02:35Z	470f49b	2026-08-08T13:35:11Z	32.60	yes
b01ea7d	2026-08-12T19:16:53Z	605b88f	2026-08-12T19:44:08Z	27.25	yes
57f91eb	2026-08-12T20:42:10Z	3637700	2026-08-12T21:15:50Z	33.67	yes
b052e3e	2026-08-12T22:34:05Z	d34ff60	2026-08-12T23:09:46Z	35.68	yes
db605a4	2026-08-12T23:11:40Z	be34d72	2026-08-12T23:45:56Z	34.27	yes
963248f	2026-08-12T23:56:29Z	b5a4d8e	2026-08-13T00:24:12Z	27.72	yes
8520994	2026-08-13T00:36:32Z	a8c5b51	2026-08-13T01:03:18Z	26.77	yes
5fe2c74	2026-08-13T01:03:33Z	3e63a36	2026-08-13T01:37:26Z	33.88	yes
8869d28	2026-08-13T01:43:15Z	8d64927	2026-08-13T02:08:43Z	25.47	yes
e141986	2026-08-13T02:34:16Z	a6f7ec1	2026-08-13T03:08:43Z	34.45	yes
459b940	2026-08-13T03:13:39Z	98fd8d2	2026-08-13T03:40:50Z	27.18	yes
dfefd62	2026-08-13T03:52:46Z	cacebe2	2026-08-13T04:18:53Z	26.12	yes
8d8efaa	2026-08-13T05:06:44Z	699f09c	2026-08-13T05:33:28Z	26.73	yes
56610d6	2026-08-13T12:42:53Z	b981e64	2026-08-13T13:18:28Z	35.58	yes
8b6f2ce	2026-08-14T17:59:53Z	b3ef392	2026-08-14T18:35:40Z	35.78	yes
edbce5b	2026-08-15T19:33:26Z	d3c7e2f	2026-08-15T20:14:41Z	41.25	yes
cdef923	2026-08-15T20:21:03Z	a3e0435	2026-08-15T20:47:48Z	26.75	yes
24023d6	2026-08-16T07:16:02Z	752c478	2026-08-16T07:55:56Z	39.90	yes
4c609fb	2026-08-16T08:00:59Z	47db6cc	2026-08-16T08:30:23Z	29.40	yes
3a4993d	2026-08-16T09:35:06Z	cd2a880	2026-08-16T10:02:32Z	27.43	yes
033be30	2026-08-16T10:10:01Z	38c2824	2026-08-16T10:36:41Z	26.67	yes
e23f202	2026-08-16T11:00:51Z	119c6b5	2026-08-16T11:45:34Z	44.72	yes
57e77ac	2026-08-16T11:52:05Z	2ea4777	2026-08-16T12:26:32Z	34.45	yes
a36a0b7	2026-08-16T12:35:31Z	44c40ff	2026-08-16T13:03:01Z	27.50	yes
34c713e	2026-08-16T13:15:53Z	695947c	2026-08-16T13:43:15Z	27.37	yes
4f51d70	2026-08-16T13:48:58Z	fa7ecec	2026-08-16T14:15:27Z	26.48	yes
02f9718	2026-08-16T18:31:05Z	0015766	2026-08-16T18:58:08Z	27.05	yes
b273a0b	2026-08-16T19:07:06Z	7f759b6	2026-08-16T19:34:56Z	27.83	yes
dfe2eb4	2026-08-17T09:20:34Z	5a185ce	2026-08-17T10:00:00Z	39.43	yes
43775c3	2026-08-17T10:34:14Z	16699aa	2026-08-17T11:09:31Z	35.28	yes
7466829	2026-08-17T11:14:43Z	07447de	2026-08-17T11:41:05Z	26.37	yes
74b8b4d	2026-08-17T11:50:07Z	1afcd4f	2026-08-17T12:16:19Z	26.20	yes
57f3d5d	2026-08-17T12:21:14Z	873d837	2026-08-17T12:48:47Z	27.55	yes
9cbe2c8	2026-08-17T12:56:17Z	4876c56	2026-08-17T13:23:23Z	27.10	yes
01b4730	2026-08-17T13:30:34Z	524dc75	2026-08-17T13:57:35Z	27.02	yes
a21e6e6	2026-08-17T16:33:31Z	d10cfde	2026-08-17T17:00:19Z	26.80	yes
7fc32f9	2026-08-17T17:06:38Z	965f9c8	2026-08-17T17:38:21Z	31.72	yes
c4cb039	2026-08-17T17:43:32Z	ec3a75c	2026-08-17T18:15:45Z	32.22	yes
66a43ad	2026-08-17T18:24:05Z	6e2aa57	2026-08-17T18:51:37Z	27.53	yes
2715f21	2026-08-17T19:03:22Z	6e8429b	2026-08-17T19:37:18Z	33.93	yes
0d38986	2026-08-17T19:44:21Z	1d3e821	2026-08-17T21:37:16Z	112.92	yes
f802928	2026-08-17T21:53:20Z	43d8225	2026-08-17T22:20:59Z	27.65	yes
645421c	2026-08-17T22:38:22Z	81bbf3c	2026-08-17T23:05:29Z	27.12	yes
9dcba1d	2026-08-17T23:17:22Z	af4e45f	2026-08-17T23:44:43Z	27.35	yes
06b0cb2	2026-08-17T23:46:26Z	f50bde3	2026-08-18T00:13:01Z	26.58	yes
9f41e52	2026-08-18T00:39:58Z	6da93ca	2026-08-18T01:06:29Z	26.52	yes
95d1cd2	2026-08-18T01:12:09Z	d3d4c56	2026-08-18T01:39:24Z	27.25	yes
d4afbf9	2026-08-18T01:50:00Z	b9b94cd	2026-08-18T02:19:46Z	29.77	yes
cece816	2026-08-18T02:32:45Z	b8707b5	2026-08-18T02:59:11Z	26.43	yes
85a91fe	2026-08-18T10:12:31Z	5d568a7	2026-08-18T10:40:40Z	28.15	yes
340e958	2026-08-18T14:25:49Z	a877e6d	2026-08-18T14:58:29Z	32.67	yes
c8ca22f	2026-08-18T18:18:39Z	0e54508	2026-08-18T18:50:28Z	31.82	yes
b153d64	2026-08-18T19:02:38Z	a295c43	2026-08-18T19:32:35Z	29.95	yes
1ba224d	2026-08-18T21:19:43Z	8aa358f	2026-08-18T21:51:31Z	31.80	yes
75b9d2b	2026-08-19T07:25:20Z	a007e9c	2026-08-19T08:00:13Z	34.88	yes
7d0edd2	2026-08-19T08:08:01Z	a86d678	2026-08-19T08:41:37Z	33.60	yes
62d2907	2026-08-19T08:48:51Z	249f850	2026-08-19T09:16:56Z	28.08	yes
4de4feb	2026-08-19T09:23:13Z	66abf48	2026-08-19T09:59:36Z	36.38	yes
e6634a1	2026-08-19T16:19:55Z	5d2ee68	2026-08-19T16:54:22Z	34.45	yes
5ec64f8	2026-08-19T17:34:11Z	682e676	2026-08-19T18:04:03Z	29.87	yes
682e676	2026-08-19T18:04:03Z	4148357	2026-08-19T18:44:25Z	40.37	yes
b71c71f	2026-08-19T18:55:47Z	a2355a5	2026-08-19T19:24:10Z	28.38	yes
01f4eeb	2026-08-19T19:37:57Z	03d5476	2026-08-19T20:06:38Z	28.68	yes
955c8ed	2026-08-19T20:22:05Z	0629897	2026-08-19T20:24:24Z	2.32	no
312f6fa	2026-08-19T20:33:40Z	62a9cd0	2026-08-19T21:02:05Z	28.42	yes
c200192	2026-08-19T21:10:46Z	64bcd79	2026-08-19T21:38:52Z	28.10	yes
896e7b6	2026-08-19T21:45:23Z	ec5e971	2026-08-19T22:14:54Z	29.52	yes
9b4e2b5	2026-08-19T22:21:40Z	d83a3c8	2026-08-19T22:50:23Z	28.72	yes
15a18bc	2026-08-19T23:00:49Z	c688d3a	2026-08-19T23:29:22Z	28.55	yes
d82f83a	2026-08-19T23:43:06Z	920f919	2026-08-20T00:16:55Z	33.82	yes
8e14266	2026-08-20T10:07:27Z	0a167e5	2026-08-20T10:36:42Z	29.25	yes
b3b9a96	2026-08-20T10:47:28Z	6fd622b	2026-08-20T11:19:59Z	32.52	yes
a1bdc0e	2026-08-20T12:05:02Z	3d9877f	2026-08-20T12:33:04Z	28.03	yes
7359a17	2026-08-20T12:53:28Z	d70a1ae	2026-08-20T13:22:27Z	28.98	yes
546c7c8	2026-08-20T13:34:16Z	ffa32bd	2026-08-20T14:10:44Z	36.47	yes
073d9df	2026-08-20T14:20:35Z	859ae3b	2026-08-20T14:49:23Z	28.80	yes
381aa1f	2026-08-20T14:56:57Z	51e7681	2026-08-20T15:25:42Z	28.75	yes
907af8c	2026-08-20T15:38:28Z	a6af1d6	2026-08-20T16:13:07Z	34.65	yes
2cc564c	2026-08-20T16:23:10Z	94ec98b	2026-08-20T16:53:21Z	30.18	yes
1ec2b1d	2026-08-20T17:01:00Z	0502350	2026-08-20T17:38:14Z	37.23	yes
ed7b70a	2026-08-20T17:44:41Z	833ce9a	2026-08-20T18:15:20Z	30.65	yes
60d38a1	2026-08-21T07:41:50Z	46041e9	2026-08-21T08:18:41Z	36.85	yes
ebd9a67	2026-08-21T08:25:02Z	47bc218	2026-08-21T09:00:29Z	35.45	yes
65a1d57	2026-08-21T09:06:59Z	5f49fa6	2026-08-21T09:35:37Z	28.63	yes
704bee5	2026-08-21T09:40:54Z	d7b9181	2026-08-21T10:11:06Z	30.20	yes
f61010c	2026-08-21T16:33:49Z	c071dc0	2026-08-21T17:15:30Z	41.68	yes
24dccee	2026-08-21T18:48:31Z	507a154	2026-08-21T19:15:38Z	27.12	yes
846a2c8	2026-08-21T19:46:01Z	fca624f	2026-08-21T20:15:28Z	29.45	yes
bd925df	2026-08-21T20:30:13Z	71661e3	2026-08-21T21:00:43Z	30.50	yes
98d8683	2026-08-21T21:14:50Z	da39f22	2026-08-21T21:45:50Z	31.00	yes
72b31e0	2026-08-21T21:53:18Z	5102f15	2026-08-21T22:23:46Z	30.47	yes
9beabd5	2026-08-21T22:42:46Z	cf0ae93	2026-08-21T23:22:39Z	39.88	yes
efb3517	2026-08-21T23:38:33Z	40b1c65	2026-08-22T00:10:07Z	31.57	yes
cbdb7c3	2026-08-22T00:39:25Z	7a944e0	2026-08-22T01:10:12Z	30.78	yes
c137c8e	2026-08-22T01:19:30Z	7b73a65	2026-08-22T01:54:31Z	35.02	yes
9c55cef	2026-08-22T02:00:42Z	08ad040	2026-08-22T02:32:23Z	31.68	yes
08ad040	2026-08-22T02:32:23Z	a5dd39e	2026-08-22T03:05:11Z	32.80	yes
2da0c4b	2026-08-22T03:11:28Z	85d2b80	2026-08-22T03:43:48Z	32.33	yes
91d101c	2026-08-22T03:54:48Z	f80d8c7	2026-08-22T04:26:19Z	31.52	yes
f80d8c7	2026-08-22T04:26:19Z	a680885	2026-08-22T05:06:10Z	39.85	yes
d3aafab	2026-08-22T05:12:08Z	b880e12	2026-08-22T05:44:37Z	32.48	yes
8820ede	2026-08-22T06:15:17Z	9014f71	2026-08-22T06:46:33Z	31.27	yes
808daba	2026-08-22T06:50:45Z	bde9848	2026-08-22T07:23:14Z	32.48	yes
ffc28eb	2026-08-22T07:30:57Z	8a3a2c0	2026-08-22T07:59:21Z	28.40	yes
4d1e9a1	2026-08-22T08:09:52Z	db1d985	2026-08-22T08:42:42Z	32.83	yes
8784ae3	2026-08-22T08:49:06Z	70061bd	2026-08-22T09:21:12Z	32.10	yes
ae3357e	2026-08-22T09:33:02Z	c88b5b6	2026-08-22T10:06:30Z	33.47	yes
e411ea6	2026-08-22T10:17:03Z	a3e3715	2026-08-22T10:45:47Z	28.73	yes
b112e5d	2026-08-22T10:59:41Z	1e7c27d	2026-08-22T11:34:01Z	34.33	yes
87d95c0	2026-08-22T11:47:22Z	e61c1f5	2026-08-22T12:19:41Z	32.32	yes
b34d737	2026-08-22T12:29:04Z	c463bb7	2026-08-22T13:02:13Z	33.15	yes
4ba155f	2026-08-22T13:11:35Z	f446dac	2026-08-22T13:43:52Z	32.28	yes
ac671fe	2026-08-22T13:50:26Z	8a266f3	2026-08-22T14:22:49Z	32.38	yes
a4b05f2	2026-08-22T14:38:28Z	c895cac	2026-08-22T15:11:12Z	32.73	yes
9ced8c1	2026-08-22T15:25:50Z	ef6b7b8	2026-08-22T16:01:56Z	36.10	yes
6bbb547	2026-08-22T16:08:35Z	7e57357	2026-08-22T16:48:36Z	40.02	yes
26036c1	2026-08-22T16:51:09Z	c22df24	2026-08-22T17:23:20Z	32.18	yes
4eee128	2026-08-22T19:56:19Z	37c8ed4	2026-08-22T19:56:47Z	0.47	no
d2fd2e7	2026-08-22T20:03:07Z	1a39c3d	2026-08-22T20:03:40Z	0.55	no
fdfb118	2026-08-22T20:11:19Z	60d0f00	2026-08-22T20:12:50Z	1.52	no
569a614	2026-08-22T20:40:15Z	9827603	2026-08-22T20:42:13Z	1.97	no
de13940	2026-08-22T20:48:08Z	e17e91e	2026-08-22T20:49:18Z	1.17	no
e17e91e	2026-08-22T20:49:18Z	6d9a786	2026-08-22T21:22:23Z	33.08	yes
3c6d160	2026-08-23T06:06:32Z	199aa4e	2026-08-23T06:23:20Z	16.80	yes
ec26862	2026-08-23T07:28:33Z	5c010b2	2026-08-23T07:45:37Z	17.07	yes
9ab2ede	2026-08-23T08:14:56Z	2c0b2c7	2026-08-23T08:32:03Z	17.12	yes
8378fd9	2026-08-23T08:40:29Z	f65a1c4	2026-08-23T08:57:36Z	17.12	yes
d6a5e10	2026-08-23T09:16:45Z	d755f29	2026-08-23T09:33:55Z	17.17	yes
edcf16a	2026-08-23T09:40:48Z	abf19cb	2026-08-23T09:57:50Z	17.03	yes
3a4ea5e	2026-08-23T10:03:35Z	c57e2d5	2026-08-23T10:21:10Z	17.58	yes
eb99877	2026-08-23T10:44:14Z	903b49e	2026-08-23T11:01:33Z	17.32	yes
f4a1243	2026-08-23T11:22:17Z	ffc0dea	2026-08-23T11:39:18Z	17.02	yes
08d6472	2026-08-23T11:57:30Z	7b8c476	2026-08-23T12:14:28Z	16.97	yes
af73c11	2026-08-23T12:32:55Z	2793d58	2026-08-23T12:50:01Z	17.10	yes
2793d58	2026-08-23T12:50:01Z	a6f4311	2026-08-23T13:47:59Z	57.97	yes
a142d66	2026-08-23T13:55:24Z	320c6cc	2026-08-23T14:12:27Z	17.05	yes
8aa6a2b	2026-08-23T14:19:17Z	91eeb8d	2026-08-23T14:36:22Z	17.08	yes
26cd01d	2026-08-23T15:33:54Z	9ce5784	2026-08-23T15:51:03Z	17.15	yes
47f683d	2026-08-23T15:56:35Z	727e568	2026-08-23T16:13:43Z	17.13	yes
2082bb4	2026-08-23T16:20:03Z	7624c4b	2026-08-23T16:37:04Z	17.02	yes
850623e	2026-08-23T16:41:49Z	4df029a	2026-08-23T16:58:53Z	17.07	yes
fca80be	2026-08-23T17:09:49Z	afa3f6f	2026-08-23T17:26:48Z	16.98	yes
e71c09d	2026-08-23T17:30:15Z	b801e81	2026-08-23T17:47:21Z	17.10	yes
5d85f63	2026-08-23T17:51:31Z	c71ffa9	2026-08-23T18:08:32Z	17.02	yes
a58e96d	2026-08-23T18:12:15Z	cf38707	2026-08-23T18:30:08Z	17.88	yes
c70fcf8	2026-08-23T18:34:28Z	8fb86cf	2026-08-23T18:51:48Z	17.33	yes
a336df9	2026-08-23T18:57:19Z	b3e702e	2026-08-23T19:14:30Z	17.18	yes
377de6f	2026-08-23T19:33:14Z	c47ac11	2026-08-23T19:50:31Z	17.28	yes
b024736	2026-08-23T19:55:37Z	429fe05	2026-08-23T20:12:45Z	17.13	yes
03cc004	2026-08-23T20:21:06Z	cca7319	2026-08-23T20:38:09Z	17.05	yes
46b87e1	2026-08-23T20:43:50Z	0ae611b	2026-08-23T21:01:04Z	17.23	yes
17258ad	2026-08-23T21:05:17Z	05d3e91	2026-08-23T21:22:13Z	16.93	yes
faf2337	2026-08-23T21:35:53Z	fe9fcc8	2026-08-23T21:52:53Z	17.00	yes
2eb39ef	2026-08-23T21:57:37Z	2a4d133	2026-08-23T22:14:34Z	16.95	yes
7b207b2	2026-08-23T22:17:48Z	c368077	2026-08-23T22:35:04Z	17.27	yes
477c72f	2026-08-23T22:38:32Z	ba3b343	2026-08-23T22:55:40Z	17.13	yes
790893e	2026-08-23T22:59:10Z	d4b0fcd	2026-08-23T23:16:12Z	17.03	yes
3d14ad9	2026-08-23T23:21:34Z	b4bb4e4	2026-08-23T23:39:07Z	17.55	yes
6d4d592	2026-08-23T23:55:49Z	83d33b2	2026-08-24T00:12:50Z	17.02	yes
35efb9d	2026-08-24T00:16:22Z	307c39d	2026-08-24T00:33:17Z	16.92	yes
753f07b	2026-08-24T00:49:42Z	3a4db72	2026-08-24T01:06:42Z	17.00	yes
f7ab4d0	2026-08-24T01:12:32Z	cf9760e	2026-08-24T01:29:29Z	16.95	yes
8b6c87a	2026-08-24T01:49:39Z	b32fcae	2026-08-24T02:07:32Z	17.88	yes
b08bca5	2026-08-24T02:39:58Z	43b9fc0	2026-08-24T02:57:13Z	17.25	yes
9e0c3f2	2026-08-24T03:10:49Z	033a6dc	2026-08-24T03:27:59Z	17.17	yes
7cee59d	2026-08-24T03:42:42Z	54841dd	2026-08-24T04:00:17Z	17.58	yes
c627daa	2026-08-24T04:09:22Z	9ce6bc8	2026-08-24T04:26:36Z	17.23	yes
3ecefd4	2026-08-24T04:36:32Z	cc401ba	2026-08-24T04:53:45Z	17.22	yes
52f4f48	2026-08-24T05:30:08Z	ebe459d	2026-08-24T05:47:14Z	17.10	yes
8c0ea59	2026-08-24T05:59:25Z	a15c6e6	2026-08-24T06:16:27Z	17.03	yes
3e3cdc2	2026-08-24T07:13:48Z	2879e47	2026-08-24T07:43:41Z	29.88	yes
7c983e0	2026-08-24T07:55:18Z	144ba0a	2026-08-24T08:25:03Z	29.75	yes
6b3ab53	2026-08-24T08:31:18Z	5a22056	2026-08-24T09:00:36Z	29.30	yes
10e8000	2026-08-24T09:07:55Z	7426021	2026-08-24T09:25:45Z	17.83	yes
c865582	2026-08-24T09:30:14Z	84ede16	2026-08-24T09:47:53Z	17.65	yes
8261891	2026-08-24T09:56:23Z	42b969f	2026-08-24T10:13:33Z	17.17	yes
5ee9330	2026-08-24T10:41:41Z	7c4cba8	2026-08-24T11:10:40Z	28.98	yes
8132974	2026-08-24T11:21:47Z	28f03a0	2026-08-24T11:50:35Z	28.80	yes
daaf947	2026-08-24T13:38:16Z	8bb4a43	2026-08-24T13:41:16Z	3.00	no
eb7f319	2026-08-24T13:48:30Z	1188f14	2026-08-24T14:05:47Z	17.28	yes
bfce7f5	2026-08-24T15:32:51Z	485947d	2026-08-24T15:51:09Z	18.30	yes
cd48c19	2026-08-24T16:32:04Z	7a3d68d	2026-08-24T16:49:11Z	17.12	yes
b88adbb	2026-08-24T18:52:13Z	a41d0d5	2026-08-24T19:09:25Z	17.20	yes
6137608	2026-08-24T23:25:39Z	fae0c70	2026-08-24T23:43:11Z	17.53	yes
14f964a	2026-08-25T01:12:18Z	7ec933f	2026-08-25T01:29:20Z	17.03	yes
0d0ebd7	2026-08-25T04:31:12Z	2a70841	2026-08-25T04:48:27Z	17.25	yes
3a4e335	2026-08-25T06:00:41Z	a6d9338	2026-08-25T06:18:16Z	17.58	yes
36b90c9	2026-08-25T10:00:08Z	7485a36	2026-08-25T10:18:11Z	18.05	yes
e8c5949	2026-08-25T16:19:11Z	aa559cd	2026-08-25T16:50:35Z	31.40	yes
71316fa	2026-08-25T20:00:22Z	ad0def3	2026-08-25T20:22:22Z	22.00	yes
b7d232b	2026-08-25T21:11:53Z	47c1953	2026-08-25T21:29:49Z	17.93	yes
c5a75c9	2026-08-26T00:42:43Z	64fac6a	2026-08-26T01:00:37Z	17.90	yes
c03ead2	2026-08-26T02:11:15Z	b63e271	2026-08-26T02:28:28Z	17.22	yes
0d42f51	2026-08-26T09:17:47Z	1fad498	2026-08-26T09:36:05Z	18.30	yes
